{
  "dailyLoss": 153.86353200000232,
  "dailyProfit": 113.60269750000559,
  "lastResetDate": "2026-02-12",
  "isPaused": false,
  "pauseReason": null
}