{
  "dailyLoss": 153.86353200000232,
  "dailyProfit": 141.23726350000325,
  "lastResetDate": "2026-02-12",
  "isPaused": false,
  "pauseReason": null
}