{
  "dailyLoss": 2605.9105710000044,
  "dailyProfit": 3.8302200000000006,
  "lastResetDate": "2026-02-11",
  "isPaused": false,
  "pauseReason": null
}