{
  "dailyLoss": 2605.9105710000044,
  "dailyProfit": 153.5082944999944,
  "lastResetDate": "2026-02-11",
  "isPaused": false,
  "pauseReason": null
}