{
  "dailyLoss": 525.8199999999982,
  "dailyProfit": 264.0572550000017,
  "lastResetDate": "2026-02-06",
  "isPaused": false,
  "pauseReason": null
}