{
  "dailyLoss": 102.60591000000001,
  "dailyProfit": 3.8302200000000006,
  "lastResetDate": "2026-02-11",
  "isPaused": false,
  "pauseReason": null
}