{
  "dailyLoss": 525.8199999999982,
  "dailyProfit": 210.303225,
  "lastResetDate": "2026-02-06",
  "isPaused": false,
  "pauseReason": null
}