{
  "dailyLoss": 2605.9105710000044,
  "dailyProfit": 192.57117199999442,
  "lastResetDate": "2026-02-11",
  "isPaused": false,
  "pauseReason": null
}