{
  "dailyLoss": 65.61872000000233,
  "dailyProfit": 56.36915750000559,
  "lastResetDate": "2026-02-12",
  "isPaused": false,
  "pauseReason": null
}