{
  "dailyLoss": 525.8199999999982,
  "dailyProfit": 345.08334500000115,
  "lastResetDate": "2026-02-06",
  "isPaused": false,
  "pauseReason": null
}