{
  "dailyLoss": 525.8199999999982,
  "dailyProfit": 298.90184000000113,
  "lastResetDate": "2026-02-06",
  "isPaused": false,
  "pauseReason": null
}