{
  "dailyLoss": 102.60591000000001,
  "dailyProfit": 1.146799999999999,
  "lastResetDate": "2026-02-11",
  "isPaused": false,
  "pauseReason": null
}