{
  "dailyLoss": 2605.9105710000044,
  "dailyProfit": 63.55672399999626,
  "lastResetDate": "2026-02-11",
  "isPaused": false,
  "pauseReason": null
}