{
  "dailyLoss": 153.86353200000232,
  "dailyProfit": 164.72046550000326,
  "lastResetDate": "2026-02-12",
  "isPaused": false,
  "pauseReason": null
}