{
  "dailyLoss": 2496.6344549999944,
  "dailyProfit": 61.36618,
  "lastResetDate": "2026-02-10",
  "isPaused": false,
  "pauseReason": null
}