{
  "dailyLoss": 525.8199999999982,
  "dailyProfit": 583.0872550000024,
  "lastResetDate": "2026-02-06",
  "isPaused": false,
  "pauseReason": null
}