{
  "dailyLoss": 525.8199999999982,
  "dailyProfit": 936.5032150000047,
  "lastResetDate": "2026-02-06",
  "isPaused": false,
  "pauseReason": null
}