{
  "dailyLoss": 525.8199999999982,
  "dailyProfit": 305.5338450000011,
  "lastResetDate": "2026-02-06",
  "isPaused": false,
  "pauseReason": null
}