{
  "dailyLoss": 2503.6966349999943,
  "dailyProfit": 61.36618,
  "lastResetDate": "2026-02-10",
  "isPaused": false,
  "pauseReason": null
}